Artista;Duracion;Milisegundos;Reproducciones
Black Eyed Peas;2:01:18;7278920;44
Shakira;1:51:13;6673872;77
Pitbull;0:47:01;2821884;39
Flo Rida;0:31:58;1918380;27
will.i.am;0:06:39;399933;5
Edward Maya;0:03:28;208969;2
Calvin Harris;0:15:28;928858;19
Taio Cruz;0:16:14;974903;12
Trinix Remix;0:13:05;785357;8
Akon;0:08:55;535832;3
Kanye West;0:56:39;3399696;29
Drake;0:38:32;2312936;13
Eminem;2:40:38;9638466;77
Arcade Player;0:02:43;163364;2
B. BC Music;0:01:23;83768;2
P.I.;0:00:06;6008;1
Red Flame;0:00:07;7256;1
Lil Wayne;0:04:45;285356;12
Bad Bunny;9:38:36;34716478;400
Lil Baby;0:20:30;1230234;9
Polo G;0:58:40;3520033;23
Arce;0:15:38;938735;9
Juice WRLD;3:11:36;11496788;76
The Kid LAROI;1:47:52;6472589;54
Pop Smoke;0:25:50;1550787;11
Lil Skies;0:14:34;874082;5
JACKBOYS;0:02:30;150096;3
Lil Nas X;0:18:25;1105249;13
2Pac;0:00:36;36135;2
Playboi Carti;0:42:59;2579120;24
Post Malone;0:18:51;1131219;11
Lil Tjay;0:48:00;2880343;21
Dave;0:07:30;450885;2
Kodak Black;0:02:53;173065;2
Future;0:22:40;1360655;19
Lil Tecca;0:49:15;2955005;24
Fredo;0:06:36;396190;3
XXXTENTACION;0:31:44;1904839;28
DaBaby;0:06:05;365291;4
Trippie Redd;0:13:42;822520;4
DDG;0:02:27;147596;1
Mora;8:04:12;29052486;365
Sebastian Yatra;7:51:07;28267947;243
Bizarrap;17:01:26;61286303;467
Justin Quiles;3:27:28;12448278;139
Nicky Jam;0:47:54;2874741;37
Manuel Turizo;1:00:21;3621356;61
Pignoise;0:03:17;197600;1
Alberto Gambino;0:34:54;2094855;20
Teuma Thug;0:08:44;524951;8
Aventura;0:10:47;647196;7
Myke Towers;2 days, 2:53:38;183218714;1727
El Bobe;0:04:44;284388;9
Ozuna;6:29:20;23360186;227
Nio Garcia;0:51:01;3061346;25
Tainy;3:41:25;13285569;120
Rauw Alejandro;3:17:14;11834122;145
Boza;0:28:14;1694319;26
Robert D.;0:13:48;828391;15
Oliver Tree;1:25:56;5156226;49
Beny Jr;0:21:15;1275142;21
Paulo Londra;1 day, 5:22:01;105721845;1115
Residente;0:33:09;1989219;6
Andreu Rifé;1:35:22;5722204;21
UEFA;0:11:26;686976;16
Keane;0:44:40;2680800;31
Celtic FanChants;0:00:03;3320;1
Imagine Dragons;1:07:43;4063017;65
K'NAAN;0:13:05;785336;15
Oxlade;0:01:45;105212;2
The Best Team;0:01:10;70334;2
DJ Scheme;0:03:55;235405;2
Tion Wayne;0:03:55;235754;4
easy life;2:57:21;10641339;76
Lowlex;0:04:34;274975;4
JAY-Z;0:24:02;1442132;13
Abundzu Projekt;0:12:31;751432;6
MHD;0:06:31;391118;3
Natos y Waor;5:56:06;21366647;197
J. Cole;0:03:40;220934;2
Travis Scott;0:06:36;396095;11
Kendrick Lamar;0:03:26;206639;4
Lildami;0:13:10;790046;6
Flashy Ice Cream;0:21:39;1299487;11
Sau;0:04:20;260040;1
DICC;0:10:28;628361;4
Baya Baye MGT Los Sosis;0:11:14;674670;7
P.A.W.N. Gang;0:40:19;2419626;26
NyxTheShield;0:00:25;25229;1
New Limit;0:01:00;60004;2
Blanco White;0:00:44;44855;5
Green Day;0:40:19;2419833;24
Logic;0:00:26;26474;7
Ghostemane;0:00:20;20199;7
Roy Jones Jr.;0:03:38;218895;4
Capo Corleone;0:00:10;10444;3
Elektronomia;0:18:25;1105109;15
Two Steps from Hell;0:44:43;2683498;25
Corner Stone Cues;0:00:04;4064;3
Quevedo;9:43:17;34997017;478
Billie Eilish;0:05:22;322290;7
Harry Styles;0:40:18;2418283;50
James Blunt;0:08:43;523072;4
M83;0:52:55;3175026;34
Lord Huron;0:26:14;1574573;20
Coldplay;23:45:24;85524966;450
NEFFEX;0:08:29;509121;31
Hopex;0:05:11;311249;17
Unknown Brain;0:00:58;58620;10
NF;0:00:08;8522;8
Apashe;0:02:22;142752;5
Ro Ransom;0:02:00;120734;10
Jorge Quintero;0:13:13;793220;11
LUMINUS;0:00:06;6225;2
BLANK;0:01:07;67076;8
Thomas Bergersen;1:06:54;4014192;41
Warriyo;0:00:04;4223;4
Diplo;0:00:10;10782;4
Bassnectar;0:00:03;3850;4
DJ Assass1n;0:00:05;5171;5
Juicy J;0:00:01;1767;4
Instrumental Core;0:00:10;10426;5
GRDNØ;0:00:01;1911;2
Ilkan Gunuc;0:00:07;7917;4
Phonk Killer;0:00:10;10356;8
Taylor Ricard;0:00:06;6384;7
Coolio;0:08:03;483916;6
Jonathan Shapiro;0:00:04;4029;2
Audiomachine;0:15:05;905300;14
Jordan Schor;0:00:05;5286;5
Rob Bailey & The Hustle Standard;0:01:41;101656;17
Reyn Hartley;0:00:02;2914;2
Fat Joe;0:00:22;22090;7
Jetta;0:00:11;11658;5
Pelargonium;0:00:05;5457;2
IVG MUSIC;0:00:01;1317;2
Madeon;0:13:43;823378;5
Youngblood Hawke;0:20:59;1259365;10
Duki;1:08:45;4125405;47
KALEO;0:13:29;809483;12
DJ Elements;0:27:53;1673120;17
Linkin Park;0:27:37;1657017;13
MEDUZA;0:00:22;22085;3
The Score;0:53:02;3182768;32
Cartoon;0:06:55;415673;4
Europe;0:13:57;837909;3
Pitstop Boys;0:18:28;1108480;16
Lupe Fiasco;0:20:20;1220653;7
Train;0:31:42;1902227;13
Panic! At The Disco;0:46:57;2817353;21
Famy;0:23:44;1424506;11
J. Daniel;1:43:01;6181191;38
Brian Tyler;1:00:58;3658995;27
Avicii;0:43:50;2630492;36
The Verve;0:03:43;223881;3
Mr. Probz;0:00:24;24599;7
Baddiel, Skinner & Lightning Seeds;0:25:26;1526334;11
Twenty One Pilots;0:17:49;1069240;7
Lost Frequencies;0:02:36;156477;14
Tom Odell;0:27:15;1635685;15
The Soccerboys;0:06:49;409255;7
John Newman;0:06:01;361976;10
fun.;0:04:43;283159;4
Smash Mouth;0:04:08;248024;6
Swedish House Mafia;0:37:52;2272945;19
Macklemore & Ryan Lewis;0:14:32;872278;11
Maroon 5;0:26:34;1594264;26
The Script;0:20:34;1234690;8
Capital Cities;0:01:01;61412;2
Travie McCoy;0:05:24;324860;4
Fuego;0:31:43;1903597;28
Standly;0:05:39;339316;10
Anuel AA;2:57:23;10643213;113
Wisin;0:58:22;3502931;35
Eladio Carrion;6:58:55;25135823;281
Danny Ocean;0:46:53;2813001;32
El Vega;0:20:05;1205626;18
Kina;0:02:25;145298;2
Christina Perri;0:17:36;1056290;7
Natalie Taylor;0:01:33;93747;1
Lewis Capaldi;0:10:21;621941;13
Roddy Ricch;0:26:01;1561918;10
Brock Ansiolitiko;0:02:01;121368;1
Bankrol Hayden;0:11:47;707093;5
Ayo & Teo;0:04:00;240347;2
iann dior;0:33:03;1983856;14
Welinton Quiw;0:01:13;73911;2
Jay Wheeler;0:42:00;2520837;53
Tiago PZK;1:33:23;5603648;63
Nil Moliner;0:03:46;226096;4
Big Yamo;0:39:23;2363327;20
Don Omar;0:36:50;2210226;40
Beret;0:08:13;493822;15
Funzo & Baby Loud;0:08:20;500361;17
Marc Seguí;0:19:52;1192567;15
Txarango;0:03:46;226450;3
Xescu Pera;0:05:48;348166;4
Kid Pi;0:03:25;205961;2
Las Jotas;0:06:38;398000;2
Lax'n'Busto;0:00:58;58123;2
Efecto Pasillo;0:06:10;370598;9
GNipsey;0:00:07;7454;7
A$AP Ferg;0:00:10;10167;7
The Game;0:00:19;19843;9
Jaden;0:00:15;15934;5
Midi Monstaz;0:00:07;7233;5
Ray Rich FMG;0:00:12;12324;7
Skan;0:00:17;17362;10
S.A. Vents;0:00:29;29291;4
Fabian Mazur;0:00:04;4340;4
Sub Urban;0:05:57;357591;9
Maxxen;0:00:03;3412;1
Survivor;0:09:22;562896;10
Skrillex;0:08:39;519035;14
ReauBeau;0:00:02;2831;3
Lyan Paris;0:00:00;922;1
Timmy Trumpet;0:03:23;203259;8
Kid Cudi;0:03:08;188249;4
BeatBrothers;0:00:21;21919;9
Mehmet Savu;0:00:01;1335;1
Millyz;0:00:05;5816;7
James Meyers;0:02:09;129710;7
Bazanji;0:00:01;1849;4
King T3Z;0:00:00;803;1
Dro Kenji;0:00:01;1356;3
JVLA;0:00:05;5460;4
Sina JVH;0:00:01;1138;1
Baskem;0:00:10;10286;3
Gabry Ponte;0:01:58;118030;5
YES YES;0:00:02;2020;2
Türküm;0:00:01;1732;3
UMEK;0:00:02;2917;2
Jayanth Ak;0:00:05;5216;4
Dwin;0:00:03;3174;5
Hensonn;0:00:01;1539;3
Whytfeelangelic;0:00:02;2540;1
Aero Chord;0:15:25;925582;8
ÉWN;0:00:05;5079;5
Emre Kabak;0:00:02;2332;1
Barış Çakır;0:00:01;1970;1
Fyex;0:00:02;2958;1
Maga;0:00:05;5482;4
Ricky J;0:00:00;0;1
Fort Minor;0:19:19;1159395;11
Mikano;0:00:03;3534;5
A$AP Rocky;0:12:26;746771;11
Scotty IV;0:00:00;944;1
Mert Yonar;0:00:01;1233;1
Wiz Khalifa;0:00:06;6960;8
Max + Johann;0:00:09;9490;4
Future World Music;0:01:02;62216;4
Jay Rock;0:00:05;5673;4
Sheck Wes;0:03:05;185872;4
Ryllz;0:00:02;2204;3
G-Eazy;0:00:12;12099;5
The Ninetys;0:00:02;2652;5
Unaverage Gang;0:01:45;105319;7
Jowell & Randy;0:00:04;4518;1
Facundo Majdalani;0:06:20;380743;4
Xhulotek;0:01:15;75591;1
Natanael Cano;0:00:24;24419;2
Rels B;1:26:06;5166414;65
$NOT;0:16:37;997385;14
C. Tangana;0:27:40;1660276;37
Despistaos;0:05:04;304967;6
Lolita;0:00:19;19194;5
Estopa;0:27:55;1675203;26
Melendi;0:18:25;1105489;23
La Pegatina;0:01:12;72785;10
Pereza;0:12:41;761902;9
Morat;0:13:58;838255;22
ROSALÍA;1:23:37;5017079;70
Chill C;0:01:03;63856;1
31 FAM;5:26:44;19604966;144
Minimal 21;0:03:44;224516;1
Sr. Chen;0:00:00;0;1
Willfree;0:02:06;126178;1
Manel;0:01:28;88263;1
Mishima;0:00:03;3269;1
Gertrudis;0:00:02;2609;2
Sopa De Cabra;0:10:37;637297;7
Tixin;0:03:27;207433;4
Pink Kardashian;0:00:01;1156;1
Ja T'ho Dire;0:00:47;47728;4
Els Catarres;0:02:46;166265;1
Good Jan;0:02:11;131587;2
Celtas Cortos;0:00:02;2158;1
Gossos;0:00:00;0;1
Yung Mare;0:00:06;6689;2
22 Nais;0:00:02;2530;1
Els Pets;0:04:41;281826;1
Lil Mosey;0:19:24;1164809;14
Lil Uzi Vert;0:39:09;2349581;14
Los Minitrónicos;0:02:05;125946;2
Bongo Botrako;0:07:47;467575;8
Sonia Y Selena;0:05:13;313596;4
Maldita Nerea;0:08:53;533611;9
Coti;0:05:20;320728;5
Alvaro Soler;0:03:10;190751;7
Arnau Griso;0:01:37;97767;4
David Civera;0:00:56;56933;2
Comando Tiburon;0:17:16;1036445;10
Seguridad Social;0:58:25;3505443;18
M-Clan;0:00:13;13980;6
El Canto Del Loco;0:17:02;1022319;21
Miki Núñez;0:10:08;608678;6
S.J.K.;0:07:14;434485;3
Carlos Baute;0:07:29;449587;3
David Bisbal;0:00:08;8144;3
Diego Torres;0:09:52;592711;7
Fran Perea;0:02:48;168223;11
María Isabel;0:03:47;227658;11
Orquesta Poncela;0:00:01;1108;2
Amaral;0:04:04;244804;3
Sia;0:20:23;1223798;14
Disclosure;0:05:37;337045;6
Foster The People;0:06:12;372756;6
Tulipa Ruiz;0:00:25;25645;2
The Black Keys;0:09:00;540388;13
MGMT;0:13:52;832217;9
Curumin;0:00:06;6687;2
Portugal. The Man;0:01:42;102813;4
Miike Snow;0:04:11;251763;7
Bakermat;0:01:51;111849;3
Us3;0:00:05;5650;1
Bloc Party;0:06:43;403850;12
Young Franco;0:00:14;14551;2
Metric;0:00:20;20322;2
Domino Saints;0:00:06;6741;1
Major Lazer;0:04:47;287890;10
Glass Animals;0:02:56;176108;6
Bianca Costa;0:00:08;8205;1
The Griswolds;0:03:39;219800;5
FMLYBND;0:06:20;380216;6
Willow Kayne;0:00:08;8544;1
Ivete Sangalo;0:00:05;5277;1
Kwabs;0:04:22;262174;6
Emicida;0:00:07;7961;1
Asian Dub Foundation;0:00:10;10305;1
Gorillaz;0:15:15;915604;9
GROUPLOVE;0:00:05;5914;1
Young Empires;0:00:19;19446;3
Bastille;0:10:31;631117;14
Smallpools;0:05:01;301902;9
Fireboy DML;0:00:06;6954;1
Two Door Cinema Club;0:02:41;161369;8
Empire of the Sun;0:03:08;188594;5
Obongjayar;0:00:06;6428;1
Jax Jones;0:09:58;598472;5
Nia Archives;0:00:06;6682;1
JAE5;0:00:05;5380;1
Tom Grennan;0:00:07;7789;1
070 Shake;0:00:10;10548;1
Catfish and the Bottlemen;0:17:08;1028496;11
Stormzy;0:00:11;11311;1
Caesars;0:02:36;156379;5
Jungle;0:04:37;277505;6
Tame Impala;0:11:38;698046;6
Porter Robinson;0:00:03;3790;1
Digitalism;0:00:08;8673;1
The Strokes;0:31:50;1910989;10
The Hoosiers;0:00:03;3346;1
Kasabian;0:34:56;2096735;18
Blur;0:03:09;189435;3
The Automatic;0:00:05;5192;1
Damian Marley;0:00:05;5712;1
The Vaccines;0:04:45;285679;8
Peter Bjorn and John;0:00:08;8533;1
Moby;0:00:09;9140;1
Caribou;0:00:04;4796;1
Datarock;0:00:05;5675;1
Kojey Radical;0:00:05;5449;1
Ana Tijoux;0:01:04;64976;2
Chase & Status;0:00:05;5417;1
Kings of Leon;0:00:09;9362;2
Wir sind Helden;0:00:05;5742;1
New Order;0:00:06;6028;1
Vance Joy;0:21:40;1300748;22
Teddybears;0:14:11;851029;9
Lorde;0:00:04;4123;1
Fatboy Slim;0:00:05;5124;1
Muse;0:02:37;157902;5
The Jam;0:00:05;5684;1
AURORA;0:00:12;12309;2
Sam Fender;0:00:05;5641;1
Run The Jewels;0:00:04;4916;1
The Naked And Famous;0:02:29;149054;6
LCD Soundsystem;0:00:04;4099;1
Céu;0:00:04;4653;1
Louis The Child;0:00:13;13142;4
Duffy;0:00:03;3612;1
The Stone Roses;0:00:06;6689;1
Oliver;0:00:03;3856;1
The Dandy Warhols;0:00:04;4415;1
Black Kids;0:00:07;7561;1
Little Simz;0:00:04;4882;1
Sofi Tukker;0:00:03;3785;1
Lykke Li;0:00:59;59491;4
Scissor Sisters;0:00:04;4967;1
Ms. Dynamite;0:00:03;3786;1
Sam Sparro;0:00:03;3884;1
Massive Attack;0:00:05;5167;1
Baio;0:07:59;479134;9
Bob Moses;0:01:00;60737;1
Slaptop;0:06:00;360000;10
Milky Chance;0:16:41;1001669;10
Manu Chao;0:00:11;11469;1
Las Chuches;0:00:03;3849;1
RedMoon;0:00:03;3926;1
EleVaginal;0:00:04;4690;1
Raya Real;0:00:08;8006;1
Big Soto;0:00:07;7054;1
Rafaga;0:00:22;22216;3
La Banda Del Capitan Canalla;0:00:45;45115;2
Chocolate;0:00:11;11981;1
A Cool Beat DJ;0:00:02;2053;1
Las Ketchup;0:00:12;12869;2
Henry Mendez;0:11:14;674284;6
Hombres G;0:03:55;235050;5
Oro Solido;0:00:05;5535;1
Fórmula Abierta;0:00:04;4016;1
Aqua;0:00:05;5196;1
INNA;0:14:15;855300;8
Los Inhumanos;0:00:10;10157;3
El Consorcio;0:00:04;4880;1
Los Desgraciaus;0:00:58;58150;2
Rafa Pabön;0:00:01;1939;2
Tacabro;0:54:02;3242037;24
Omega;0:01:36;96153;7
Intensa Music;0:00:01;1282;1
Elvis Crespo;0:00:51;51890;3
Melody;0:00:14;14076;2
Manolo Escobar;0:06:22;382456;5
Fondo Flamenco;0:03:48;228181;11
Fernando Esteso;0:03:13;193036;3
Dani Fernández;0:00:02;2297;2
Adriana Campos-Salazar;0:00:01;1143;1
Chema Rivas;0:02:44;164262;6
zzoilo;0:02:46;166042;6
Polimá Westcoast;2:10:39;7839402;93
Prides;0:16:25;985920;10
The Royal Concept;0:44:21;2661708;22
Huntar;0:00:17;17297;3
Joan Dausà;0:08:11;491321;6
Dom La Nena;0:00:02;2249;1
AronChupa;0:02:23;143855;1
Rigoberta Bandini;0:04:47;287405;2
Herman Düne;0:00:19;19117;1
Magalí Sare;0:03:26;206244;2
Maia Vidal;0:03:36;216237;1
Lacrosse;0:00:08;8253;1
Billie The Vision & The Dancers;0:01:07;67619;1
Love of Lesbian;0:01:01;61495;1
Ramon Mirabet;0:01:17;77007;1
Alex & Julia;0:00:42;42025;1
Santi Balmes;0:01:30;90251;2
The Triangles;0:51:28;3088079;21
La La Love You;0:15:37;937294;5
Milly;0:09:07;547954;6
Becky G;0:22:18;1338612;31
TALE$;0:03:43;223904;5
BANNERS;0:03:54;234854;7
Parade of Lights;0:02:29;149119;5
Beck;0:01:38;98045;2
Dan Croll;0:00:42;42061;3
Foreign Teck;0:00:00;0;1
Feid;2:40:14;9614529;141
Luar La L;1:26:22;5182654;63
Fréro Delavega;0:00:37;37829;1
Red Hot Chili Peppers;0:10:13;613078;10
TOTO;0:05:41;341144;5
Daddy Yankee;3:15:38;11738802;114
Rvssian;0:04:31;271514;6
Casper Magico;0:15:39;939253;7
Blessd;0:24:55;1495279;16
Lunay;1:04:26;3866813;29
Marlon;0:00:02;2673;1
Sofía Reyes;0:00:14;14350;2
Sean Paul;0:03:58;238131;4
Boot Camp DJ's;0:00:01;1979;1
DJ Antoine;0:02:29;149683;3
Snoop Dogg;0:00:20;20923;2
ItaloBrothers;0:00:01;1603;1
Rudimental;0:04:07;247694;2
Rihanna;0:09:56;596786;13
Menji;1:12:05;4325464;53
The Wanted;0:06:57;417614;9
Denom;0:00:26;26650;1
Ghost ST;0:10:54;654655;11
Barcelona Ultras;0:05:09;309766;13
KLN;0:00:01;1736;3
Vegedream;0:10:17;617624;8
Coral Sant Jordi;0:01:52;112396;1
Pur Harmony;0:05:07;307932;6
Fer;0:00:14;14557;1
IAmChino;0:03:02;182697;5
Jhayco;2:28:11;8891896;95
Bri Tolani;0:00:04;4839;5
Luke Reyvn;0:00:03;3978;1
Rvfv;0:39:19;2359409;70
Beatriz Sanchez;0:00:58;58192;4
Sergi;0:00:00;0;1
Walls;0:23:21;1401270;28
Lil Peep;0:27:14;1634527;11
Trueno;0:21:04;1264867;27
Prince Royce;0:19:22;1162906;13
Mike Caride;0:00:31;31482;1
Dayme y El High;0:19:07;1147578;14
Atomic Kitten;0:00:10;10525;2
LMFAO;0:35:34;2134504;19
Jennifer Lopez;0:04:20;260649;5
Power Fitness Pro;0:00:19;19121;2
USHER;0:05:34;334379;4
Amy Winehouse;0:01:24;84354;1
50 Cent;0:18:39;1119062;7
Hoobastank;0:02:16;136060;1
B.o.B;0:08:30;510106;7
KAROL G;1:12:13;4333316;71
Cyril Kamer;0:01:29;89770;8
Zxmyr;0:00:54;54838;2
Alejandro Sanz;0:00:52;52961;1
Jason Derulo;0:08:55;535071;7
Baby Lores;0:02:17;137831;3
PHARAØH;0:01:21;81333;2
Henry Coffin;0:00:01;1163;2
Meek Mill;0:12:32;752896;15
DeStorm Power;0:01:46;106924;7
Divert;0:00:01;1726;2
Barren Gates;0:00:11;11751;3
Shab;0:00:06;6965;4
Jeezy;0:00:04;4831;3
Guapo Lennon;0:00:01;1693;2
Celtic;0:00:10;10996;3
FLO the songwriter;0:00:07;7590;4
Jetty Rachers;0:00:10;10130;3
Anikdote;0:28:50;1730346;13
T. Powell;0:04:06;246030;6
Alphabetical;0:00:02;2941;2
Zeus X Crona;0:00:06;6597;4
Öwnboss;0:00:08;8204;3
Marco Nobel;0:00:25;25365;6
Darius Martin;0:00:05;5862;4
DMX;0:10:51;651955;9
Los Legendarios;0:32:15;1935938;9
KHEA;0:53:39;3219929;21
La Pantera;0:27:02;1622216;18
Rochy RD;1:15:34;4534173;44
Sech;0:55:23;3323304;40
Joey Montana;0:00:03;3981;3
Chris Jedi;0:03:43;223782;5
Dalex;0:23:47;1427680;13
6ix9ine;0:21:50;1310085;16
Vicente Fernández;0:00:21;21281;1
"Edson Zuñiga ""El Norteño""";0:03:21;201652;2
3BallMTY;0:00:30;30484;1
Omar Montes;0:22:41;1361416;18
Stellar;0:00:02;2150;2
Rapsusklei;0:03:34;214542;1
Baby Keem;0:08:31;511782;3
A Boogie Wit da Hoodie;0:25:12;1512837;9
benny blanco;0:02:57;177785;1
Jack Harlow;0:04:39;279299;2
Migos;0:03:32;212339;5
Nach;0:14:41;881440;5
Money Man;0:14:29;869402;5
Gunna;0:03:17;197542;1
Tones And I;0:03:35;215365;6
Dr. Dre;0:17:31;1051137;6
Rasheed Chappell;0:00:00;0;2
Lil Reese;0:00:04;4732;3
Joseph Liverman;0:00:00;872;2
Blue Skies;0:00:03;3373;4
Zen Dub;0:00:01;1942;2
JELEEL!;0:00:01;1205;2
Tokischa;0:00:04;4805;1
Deavele Santos;0:00:02;2257;1
Ryan Castro;0:01:14;74530;9
Jc La Nevula;0:05:52;352571;5
Dímelo Flow;0:06:23;383649;5
Farruko;0:30:18;1818730;19
Zion & Lennox;0:00:54;54566;3
Bomba Estéreo;0:02:21;141948;3
NATTI NATASHA;0:12:53;773384;5
Izan18;0:00:21;21427;4
The Beatles;1:22:34;4954334;42
BØRNS;0:00:50;50184;6
Oasis;1:29:17;5357938;35
Iyaz;0:05:34;334367;3
KEVIN ROLDAN;0:06:34;394785;7
Bad Gyal;0:21:13;1273714;21
TINI;0:32:30;1950347;32
WOS;8:58:17;32297938;226
Wisin & Yandel;0:20:36;1236623;21
Maria Becerra;0:02:26;146154;7
Joaqo;0:13:19;799782;11
Gary Glitter;0:00:30;30468;1
Heart;0:00:06;6267;1
The Killers;0:03:03;183148;9
Queens of the Stone Age;0:00:01;1638;1
Black Sabbath;0:00:01;1835;1
Romeo Santos;0:00:21;21382;4
Juseph;0:00:25;25657;3
Band of Horses;0:46:06;2766328;15
Stefflon Don;0:00:00;0;1
Kasstactics;0:00:00;0;1
Van Maiden;0:00:00;0;1
Lil Pump;0:05:05;305243;3
Vampire Weekend;0:03:07;187185;4
Raury;0:03:29;209887;4
Magic Man;0:17:11;1031293;7
Arcángel;5:56:40;21400317;145
blink-182;0:07:29;449810;8
The Chainsmokers;0:13:06;786185;13
YUNGBLUD;0:06:56;416371;6
Bon Jovi;0:16:01;961649;9
Blanche;0:02:46;166197;4
Alec Benjamin;0:01:48;108222;3
The Police;0:41:22;2482117;21
Earth, Wind & Fire;0:02:04;124638;4
David Bowie;0:22:49;1369143;9
Plain White T's;0:00:55;55022;1
Tom Rosenthal;0:00:30;30370;1
Riton;0:02:51;171671;3
Calum Scott;0:00:15;15492;4
CKay;0:02:15;135268;3
U2;0:17:30;1050105;10
55 Problem;0:00:01;1335;1
Piso 21;0:01:25;85989;10
Maluma;1:40:27;6027501;58
Chimbala;1:56:33;6993533;58
Mariah Carey;0:03:46;226726;3
R3HAB;0:01:31;91078;2
Desiigner;0:11:17;677366;7
21 Savage;0:18:05;1085232;6
Rae Sremmurd;0:03:20;200080;1
ScHoolboy Q;0:02:43;163951;6
Mustard;0:07:42;462538;4
Janji;0:08:46;526058;4
CJ;0:02:03;123262;1
Yung Lean;0:11:29;689800;6
Sun Goes Down;0:07:59;479217;5
American Authors;0:25:17;1517684;20
AaronicStuff;0:00:06;6210;1
Nate Bass;0:09:12;552892;7
Fall Out Boy;0:08:28;508443;6
Soulshifters;0:00:04;4510;1
League of Legends;0:03:41;221137;2
Young Rising Sons;0:00:05;5080;1
About A Mile;0:00:12;12780;1
Rei;0:00:04;4656;4
Alok;0:02:48;168182;2
FMK;0:00:01;1800;1
Emilia;0:04:18;258971;9
Meghan Trainor;0:00:17;17353;1
YNW Melly;0:15:57;957173;5
Lil Durk;0:04:55;295039;2
Lil Yachty;0:05:32;332686;2
DJ Khaled;0:04:47;287691;2
DripReport;0:01:46;106000;1
Aerosmith;0:38:42;2322111;9
La Mosca Tse-Tse;1:28:30;5310629;59
KAKTOV;0:02:31;151209;4
Ana Mena;0:07:26;446037;8
Los Tuneaos;0:00:02;2776;2
The Refrescos;0:00:14;14095;1
Jader;0:00:01;1238;1
James Hype;0:00:02;2560;1
DNF;0:00:02;2118;1
Yosmer Davis;0:00:03;3232;1
Imanbek;0:02:31;151475;1
FISHER;0:02:08;128923;1
DBL;0:00:16;16408;1
Bryant Myers;0:06:25;385559;8
Young Stoner Life;0:03:35;215472;1
BROODS;0:02:55;175109;5
Tears For Fears;0:00:03;3019;1
El Taiger;0:04:19;259374;7
J Balvin;0:47:15;2835059;54
Alejo;0:10:55;655480;8
Olivia Rodrigo;0:48:22;2902951;70
Wham!;0:04:22;262960;1
Michael Bublé;0:00:18;18052;1
Boy Wonder CF;0:02:43;163760;1
Britney Spears;0:11:35;695448;8
PSY;0:03:39;219493;1
Mohombi;0:08:26;506528;5
Beyoncé;0:04:37;277147;3
Toploader;0:00:45;45093;2
Latino;0:03:19;199440;1
Simple Plan;0:57:22;3442438;21
Niko B;0:01:42;102091;1
Chris Brown;0:00:58;58433;1
Katy Perry;0:25:00;1500456;20
Justice Crew;0:00:02;2316;1
Timbaland;0:00:26;26927;1
Tungevaag;0:00:02;2861;1
Owl City;0:00:10;10451;1
Justin Timberlake;0:00:23;23420;3
One Direction;0:43:08;2588810;27
Yolanda Be Cool;0:01:09;69587;2
Nelly Furtado;0:00:03;3106;1
Lautaro Lopez;0:00:00;885;1
Jason Mraz;0:02:36;156150;1
Halsey;0:02:23;143484;3
The Band Perry;0:01:20;80640;1
Ed Sheeran;0:03:22;202770;4
Ñengo Flow;0:06:01;361587;7
Missa Sinfonia;0:00:48;48655;2
Internet Money;0:09:49;589823;5
Morad;0:13:43;823550;15
Cris Mj;0:20:51;1251736;23
Stromae;0:00:04;4960;2
Mike Posner;0:01:27;87548;1
WALK THE MOON;0:00:56;56701;1
Axwell /\ Ingrosso;0:00:15;15974;1
Outkast;0:00:47;47799;1
Alexandra Stone;0:00:36;36656;1
Olly Murs;0:02:04;124827;1
Big Sean;0:00:44;44274;2
NEIKED;0:00:46;46416;3
Hopsin;0:00:21;21491;1
Arizona Zervas;0:02:44;164960;2
Ayax y Prok;0:06:16;376224;4
Preme;0:03:43;223173;1
G Herbo;0:03:52;232831;2
THE SCOTTS;0:02:45;165977;1
NLE Choppa;0:05:18;318203;2
Ski Mask The Slump God;0:01:42;102776;1
David Guetta;0:10:41;641812;9
Abraham Mateo;0:01:28;88113;1
Taylor Swift;19 days, 19:28:00;1711680780;10795
Stephen Sanchez;0:00:10;10537;1
Tim McGraw;0:01:11;71038;4
Shawn Mendes;0:04:31;271692;16
Big Shaq;0:06:11;371854;2
AM;0:00:03;3250;1
YSY A;0:00:01;1154;1
Oscu;0:06:33;393238;5
Skabeche;0:00:08;8087;1
Metro Boomin;0:00:00;0;1
balaclavx;0:00:16;16730;1
Aren;0:02:45;165088;2
3AM;0:02:09;129743;10
Kevin Kaarl;0:00:00;850;1
Lola Indigo;2:43:01;9781334;94
MorganJ;0:00:11;11812;2
rixh forever;0:00:00;0;1
Bougenvilla;0:00:01;1196;1
Chris Linton;0:00:00;887;1
Marc Benjamin;0:00:01;1463;1
Crime Zcene;0:00:01;1077;1
Seven Kayne;0:00:00;23;1
Callejo;0:01:06;66049;5
Pino Versiona;0:00:10;10492;2
Dotta The Dealer;0:00:02;2077;2
Union;0:00:01;1757;1
Mairee;0:00:00;961;1
SingLike;0:04:36;276988;1
Rarri;0:03:49;229630;1
24kGoldn;0:02:20;140533;1
Nissa;0:00:01;1862;1
Nick Phoenix;0:00:00;0;1
Epic Score;0:00:00;20;1
Milo j;0:31:45;1905046;37
Los Twist;0:00:01;1051;1
Sous-Sol;0:00:00;110;1
Man City FC FanChants;0:00:01;1354;2
Indigga;0:08:47;527477;7
Oliver y Benji;0:09:40;580477;5
Graham BLVD;0:00:13;13450;2
Fans and Supporters;0:00:10;10852;3
El Arrebato;0:02:30;150778;2
Il Divo;0:01:23;83472;4
Sergio Ramos;0:04:38;278644;4
Gerry & The Pacemakers;0:03:24;204111;2
Vaudeville Smash;0:02:20;140772;2
Amador Rivas;0:17:38;1058753;9
Magic System;0:00:12;12620;3
Cali Y El Dandee;0:13:19;799962;12
Rema;0:03:43;223457;3
Chris Viz;2:59:45;10785086;54
Ovi;0:00:01;1073;1
Beéle;0:00:00;768;2
Montano;0:00:01;1635;1
GIMS;0:02:15;135955;4
El Completo Rd;0:02:21;141930;4
KvndySwing;0:00:01;1038;1
Atomic Otro Way;0:04:09;249221;5
Jon Z;0:00:01;1404;1
Brytiago;0:03:08;188573;2
Gwill;0:00:01;1358;1
El Super Nuevo;0:09:40;580335;7
Lilli Burgo;0:04:21;261700;2
Yannc;1:24:43;5083688;19
Yandel;1:44:45;6285670;78
Miley Cyrus;0:10:33;633375;20
LiL CaKe;1:56:39;6999369;65
Frank Sinatra;1:27:03;5223817;24
Ben E. King;0:00:12;12307;3
Belén Aguilera;0:00:33;33419;4
Ray Charles;0:00:04;4077;2
John Denver;0:03:11;191246;2
Louis Armstrong;0:01:11;71331;1
John Lennon;0:03:12;192997;3
America;0:00:05;5472;1
Creedence Clearwater Revival;0:00:15;15580;5
Wayne Newton;0:00:03;3218;1
Nat King Cole;0:00:01;1841;1
Elvis Presley;0:00:01;1429;1
Sam Cooke;0:00:02;2857;1
Porta;0:49:58;2998421;23
Daft Punk;0:00:02;2699;2
MAGIC!;0:02:12;132881;2
Clean Bandit;0:03:56;236130;5
D.A.M.A;0:00:01;1276;1
Richie Campbell;0:00:01;1273;1
The Vamps;0:01:29;89229;1
Robin Schulz;0:00:05;5921;2
Dua Lipa;0:01:53;113218;5
The Weeknd;0:02:29;149632;8
OneRepublic;0:08:26;506845;16
Zedd;0:00:03;3814;1
Sam Smith;0:00:05;5953;3
Carolina Deslandes;0:00:24;24923;1
Justin Bieber;0:05:57;357929;12
Jonas Blue;0:00:03;3965;2
Dennis Lloyd;0:00:02;2162;1
April Ivy;0:00:03;3830;1
ZAYN;0:01:01;61985;6
George Ezra;0:00:11;11861;3
Aaron Smith;0:00:01;1223;1
Nicki Minaj;0:01:39;99199;2
Jonas Brothers;0:01:52;112655;4
R. Kelly;0:01:26;86882;2
Duke Dumont;0:00:01;1398;1
The Lumineers;0:00:49;49767;3
Stefan en Sean;0:00:09;9377;1
Galantis;0:09:55;595392;3
Martin Garrix;0:00:02;2979;1
LunchMoney Lewis;0:00:01;1467;1
Fifth Harmony;0:00:02;2753;1
Charli XCX;0:00:11;11108;3
Cristian D;0:00:01;1296;1
Gers Pardoel;0:00:01;1616;1
Lucas & Steve;0:00:01;1566;1
Carly Rae Jepsen;0:00:03;3462;2
The Neighbourhood;0:00:01;1331;1
Nelly;0:00:01;1534;1
Snelle;0:00:01;1415;1
Pharrell Williams;0:00:56;56841;2
Anne-Marie;0:00:34;34288;3
Ace Dipsin;0:00:01;1331;1
SirBizkit;0:00:01;1549;1
SMILEY;0:00:02;2434;1
Billionaire Burke;0:00:07;7714;2
Yandar & Yostin;0:01:34;94596;6
Juan Magán;0:37:09;2229215;30
Alexis y Fido;0:03:23;203159;3
Alexandra Stan;0:00:01;1267;1
Lucenzo;0:00:27;27074;3
Santiago Novello;0:00:02;2709;1
Charly Black;0:00:00;562;1
Enrique Iglesias;0:07:18;438276;6
Cosmik;0:00:00;187;1
Dyland & Lenny;0:00:23;23035;3
Geek Music;0:21:23;1283464;11
Fabrizio Paterlini;0:00:24;24865;3
Melodrama;0:00:01;1169;1
Norman Dück;0:00:12;12390;1
Jamie Duffy;0:00:29;29078;1
Ramin Djawadi;1:40:51;6051299;49
El Alfa;0:54:14;3254369;40
Raul Clyde;0:02:49;169690;1
Saiko;1:40:26;6026857;44
Vicco;2:34:33;9273923;76
Daviles de Novelda;0:01:01;61127;7
Recycled J;9:48:30;35310885;341
Radical Face;0:00:39;39163;1
Michel Camilo;0:06:09;369240;1
Nate Smith;0:00:15;15628;1
Greta Van Fleet;0:18:43;1123491;5
Alizzz;0:11:23;683372;6
Hnos Munoz;0:06:01;361323;3
Dreamville;0:02:46;166999;1
Pèl De Gall;0:11:03;663751;4
Senyor Oca;0:12:04;724477;3
SEATBELTS;0:12:47;767991;4
widerberg;0:03:12;192420;1
Night Tales;0:03:56;236608;1
Boris Brejcha;0:06:20;380071;1
Yotto;0:03:27;207031;1
Supermode;0:02:34;154272;1
Einmusik;0:00:48;48552;1
Giuseppe Ottaviani;0:01:11;71666;1
Korolova;0:03:08;188273;1
AVIRA;0:03:27;207146;1
Cosmic Gate;0:04:10;250482;1
D*Note;0:00:29;29123;1
Giolì & Assia;0:03:47;227970;1
Tinlicker;0:03:41;221953;1
El Columpio Asesino;0:04:54;294758;1
Nicole Manzo;0:00:31;31231;1
Andy & Lucas;0:00:07;7621;2
Rob $tone;0:02:57;177184;1
Carlos Santana;0:00:05;5451;1
Gold Band;0:00:02;2970;2
Rudy Ventura;0:00:02;2341;2
Ricky Martin;0:00:22;22864;4
Mc Delux;0:07:01;421146;15
MC Mazzie;0:12:45;765069;14
MC Meno K;0:00:07;7893;3
MC Teuzin PV;0:52:07;3127826;37
Alpraz;0:00:21;21265;1
MC L da Vinte;0:45:41;2741137;38
MC's Zaac;0:00:17;17579;1
MC Dennin;0:00:05;5851;1
Dyamante DJ;0:00:07;7190;1
dj eduardo da favela do pó;0:00:05;5491;1
MC Tullin;0:00:03;3028;1
Mc Neguinho do ITR;0:00:06;6565;1
ymatth.;0:00:04;4927;1
Jaxxon;0:00:04;4933;1
Lgzin e cabelinho;0:00:05;5391;1
DJ Vuiziki;0:00:04;4025;1
DJ DUARTE;0:00:18;18471;1
DJ Dollynho Da Lapa;0:00:11;11708;1
MC Kevinho;0:16:21;981991;13
Dj LK da Escócia;0:09:27;567507;10
Sergio Mendes & Brasil '66;0:11:29;689406;14
Sérgio Mendes;0:05:41;341938;6
LUDMILLA;0:07:35;455258;8
Michel Teló;0:05:07;307838;11
Brazilia Party Squad;0:11:15;675207;12
Israel & Rodolffo;0:00:13;13104;1
Gusttavo Lima;1:14:36;4476672;37
Carrilio;0:00:07;7015;1
Ladji Mouflet;0:06:15;375337;6
Bellini;0:03:32;212805;8
Los Latinos;0:08:14;494744;8
Els Amics De Les Arts;0:01:11;71059;3
Mc Gabzin;0:09:29;569820;8
InnerCut;1:29:19;5359686;45
Juancho Marqués;0:06:32;392038;3
Foyone;0:14:20;860383;3
Rouss;0:03:23;203491;3
Al Safir;0:00:06;6515;1
Mc Rf;0:00:17;17621;1
Hens;4:25:57;15957596;141
Selecta;0:10:57;657689;18
Os Quebradeiras;0:02:49;169972;5
ROSE BEAT;0:00:01;1294;1
Joao Das Nieves;0:00:05;5515;1
Sinsinati;0:04:11;251645;4
Chayanne;0:07:28;448318;4
LP;0:03:09;189859;3
Iggy Pop;0:01:29;89026;2
Guns N' Roses;0:09:52;592260;4
Lukas Graham;0:07:44;464090;10
Nacho;2:28:20;8900039;49
CNCO;0:08:30;510255;8
Delaossa;1:03:40;3820635;44
80s Super Hits;0:34:51;2091905;19
Super Yei;0:10:32;632623;4
Gran Banda Militar;0:01:02;62740;1
Hozier;0:00:02;2701;2
Lynyrd Skynyrd;0:02:11;131577;4
Radiohead;0:12:37;757862;8
X Ambassadors;0:01:19;79503;4
Snow Patrol;0:00:28;28054;2
Lauty Gram;0:00:02;2933;2
Besmaya;0:00:01;1398;1
Miranda!;0:00:23;23761;1
Queen;1:20:00;4800067;26
Angel Y Khriz;0:00:30;30174;2
Dasoul;0:00:06;6429;3
Dr. Bellido;0:01:30;90114;3
EME BE;0:00:32;32050;1
Hector & Tito;0:03:07;187080;1
Rafa Mora;0:01:41;101080;1
Jay Santos;0:00:26;26813;1
Sergio Contreras;0:03:18;198692;1
Charly Rodriguez;0:03:52;232346;2
José de Rico;0:05:11;311318;3
Chino & Nacho;0:00:06;6970;5
DCS;0:00:07;7463;2
Alex Gargolas;0:05:30;330304;3
Plan B;0:08:40;520589;7
Jacob Forever;0:01:11;71858;2
Fito Blanko;0:00:04;4753;1
Alex & Sierra;0:00:02;2838;1
Joji;0:00:04;4372;1
Greg Hunting;0:00:03;3724;2
blackbear;0:04:37;277447;2
Dani Slovak;0:00:13;13121;2
Kurt Hugo Schneider;0:00:04;4741;1
Peter Flaherty;0:00:02;2659;1
Tom Walker;0:00:01;1363;1
Matt Navarro;0:00:01;1002;1
Adele;0:00:07;7331;5
LIL GAZ;0:00:02;2533;2
Robbie Williams;0:00:01;1360;1
Michael Jackson;0:00:01;1527;1
Céline Dion;0:00:00;814;1
Bruno Mars;0:17:31;1051276;18
A Great Big World;0:00:01;1092;1
Alan Walker;0:05:11;311766;3
Gavin James;0:00:01;1419;1
m3gan;0:00:00;972;1
Kidd Neri;0:00:01;1805;1
Ember Island;0:00:02;2725;1
Ali Gatie;0:00:01;1965;1
Apollo Clone;0:00:03;3314;1
Brian Shades;0:00:03;3099;1
James Arthur;0:26:52;1612957;12
gnash;0:00:06;6627;1
Richie Nuzz;0:00:26;26847;1
Lowry Lane;0:00:38;38064;1
Aaryan Shah;0:00:01;1894;2
Trinity Bliss;0:00:09;9388;1
Jessie Reyez;0:00:03;3620;2
Zara Larsson;0:02:24;144422;2
Unknown Artist;0:48:47;2927992;478
Marc Streitenfeld;0:01:52;112490;3
X-Ray Dog;0:01:13;73080;2
Geoff Zanelli;0:00:14;14739;3
TheFatRat;0:00:00;104;2
Christopher Lennertz;0:00:07;7853;1
Catiso;0:02:07;127498;2
The White Stripes;0:08:21;501506;3
Parov Stelar;0:00:20;20533;2
Boney M.;0:00:09;9561;3
Opus;0:03:51;231613;3
The Proclaimers;0:00:02;2165;1
Olivia Newton-John;0:00:02;2282;1
Dire Straits;0:17:12;1032940;3
Smokie;0:01:47;107474;3
The Ultimate Jivers;0:00:01;1767;1
Burger King Kuwait;0:00:03;3041;1
Bhonus;0:00:02;2038;1
Leif Garrett;0:00:02;2302;1
Bombilates;0:00:02;2195;1
GUNVOR;0:00:01;1835;2
Mike Pender's Searchers;0:00:01;1109;1
Electric Light Orchestra;0:00:19;19230;2
Andy Bishop;0:01:15;75033;2
Bucks Fizz;0:00:03;3479;3
Culture Club;0:00:07;7090;1
Racey;0:00:05;5008;3
The Roaring Cadillacs;0:00:02;2932;1
The Red Rocker's;0:00:01;1509;1
Irene Cara;0:00:21;21219;1
The Bridgettes;0:00:01;1555;1
Village People;0:03:31;211290;2
ザ・マジック・タイム・トラベラーズ;0:00:00;0;1
Shakin' Stevens;0:00:00;0;1
The Wild Mods;0:00:00;0;1
Les Humphries Singers;0:00:00;0;1
Aissa;0:00:41;41034;9
Taiu;2:03:37;7417416;129
AC/DC;0:09:48;588162;10
The Beach Boys;0:00:02;2972;1
KISS;0:01:15;75369;2
The Cure;0:00:01;1060;1
Alphaville;0:00:02;2694;1
a-ha;0:00:16;16132;2
Michael Sembello;0:00:00;946;1
Chuck Berry;0:00:01;1602;1
The Cranberries;0:07:34;454682;2
Marshmello;3:10:40;11440999;107
KYLE;0:01:20;80543;1
Elton John;0:04:11;251632;2
Bee Gees;0:02:19;139154;3
Klaus Badelt;0:00:02;2584;1
Kenny Loggins;0:00:00;573;1
Pole.;0:18:12;1092002;15
"Héctor ""El Father""";0:00:03;3510;1
Danny Romero;0:02:25;145041;4
K-Narias;0:00:01;1741;1
Latin Fresh;0:00:02;2534;2
"Tito ""El Bambino""";0:00:01;1545;1
JMP;0:00:02;2892;1
Debates | Mate a Ciegas Especial;1:08:34;4114968;2
Seven-In-Music;0:01:09;69046;1
Dmitro Khatskevych;0:01:17;77650;1
Juan Luis Guerra 4.40;0:00:03;3776;1
347aidan;0:00:26;26281;1
Butterflzyzz;0:01:14;74974;1
Hiko;0:01:18;78000;1
Crunkz;0:01:03;63444;1
JVKE;0:19:52;1192567;10
Lasio;0:00:02;2268;1
Rubin;0:00:28;28946;1
Pepe y Vizio;0:00:21;21586;1
Zetazen;0:04:57;297290;5
Hard GZ;0:00:01;1848;1
Delgao;0:00:04;4437;1
Xavibo;0:31:19;1879790;18
Marmi;1:19:59;4799382;33
Steve Jablonsky;0:00:26;26500;1
Nirvana;0:01:28;88113;1
Yng Lvcas;0:05:18;318388;10
Kidd Keo;0:00:44;44232;4
Daisy Jones & The Six;0:00:18;18836;1
BM;0:00:03;3346;2
Nena Daconte;0:10:23;623890;5
Syzz;0:01:39;99008;1
Patito Feo;0:00:02;2708;2
Pont Aeri;0:03:46;226330;1
ABBA;0:07:53;473251;3
Super Banda Infantil;0:06:35;395645;6
Doctor Prats;0:00:01;1426;1
La Pandilla de Drilo;0:00:02;2922;2
Torrebruno;0:00:14;14812;1
Adriian;0:02:54;174706;2
Los Lunnis;0:00:43;43223;3
Pirritx eta Porrotx;0:00:00;991;1
Jose Nogales;0:03:19;199384;1
Banda Municipal de Sevilla;0:00:01;1294;1
Chorus;0:02:48;168943;3
Formas;0:02:39;159926;2
Pablo Perea;0:00:18;18702;1
Dr Doofenshmirtz;0:00:01;1504;1
Miguel Ángel Varela;0:01:15;75573;1
Winx Club;0:00:09;9603;1
Las Series De Tu Vida Performers;0:01:12;72924;2
Monster High;0:00:01;1583;1
Miguel Antelo;0:00:05;5622;2
Ferb;0:00:08;8190;1
Demi Lovato;0:08:44;524316;3
Gisela;0:00:02;2700;1
Phineas;0:08:39;519968;3
Victorious Cast;0:00:05;5017;2
Mr Dooves;0:00:13;13850;4
Lucky Luciano;0:00:01;1461;1
Moon Sisters;0:00:01;1775;1
TV Themes;0:00:34;34129;2
Candace;0:01:41;101038;2
Solange;0:00:03;3087;2
Olivia Holt;0:00:02;2019;1
Popitos;0:00:44;44630;1
Los Gnomos;0:00:06;6976;1
Paloma Blanco;0:00:02;2016;1
Sabrina;0:00:01;1353;1
Bridgit Mendler;0:00:01;1664;1
Angie Jaree;0:00:01;1869;1
Austin Moon;0:00:01;1753;1
The Disney Afternoon Studio Chorus;0:00:01;1932;1
Big Time Rush;0:00:31;31511;5
Tom Rothrock With Jim Wise;0:00:36;36486;2
Ángela Eloy;0:01:08;68533;1
Hannah Montana;0:00:02;2060;1
Phineas y los Ferbstones;0:00:04;4640;1
China Anne McClain;0:00:01;1504;1
The Bettys;0:00:16;16864;1
Enrique Anaut;0:00:03;3349;1
Jump5;0:00:06;6967;1
Rosa Linn;0:14:01;841621;9
The Shins;0:03:50;230866;1
Sum 41;0:02:18;138242;1
NateWantsToBattle;0:00:03;3392;2
Stacy;0:00:01;1277;1
Space Girls;0:00:00;822;1
Brad Joseph Breeck;0:00:09;9620;1
Maikel Delacalle;1:38:04;5884843;74
Måneskin;0:00:08;8100;1
Benson Boone;0:00:29;29294;2
Daniel Leggs;0:00:03;3200;1
Kodaline;0:00:10;10919;2
Paloma Faith;0:15:26;926633;5
Young the Giant;0:00:06;6034;1
Stephen Dawes;0:00:47;47524;1
rhianne;0:12:13;733999;5
Seafret;0:00:11;11252;1
St. Lundi;0:00:39;39524;1
SZA;0:00:33;33863;1
Lizzy McAlpine;0:00:21;21686;5
Chord Overstreet;0:00:10;10679;1
John Legend;0:05:44;344074;4
Casey Tutton;0:00:11;11169;1
d4vd;0:00:05;5817;1
SYML;0:00:11;11912;1
Duncan Laurence;0:00:04;4085;1
Three Dog Night;0:18:38;1118934;7
Amanda Seyfried;0:10:55;655972;11
Lily James;0:00:06;6759;5
Meryl Streep;0:14:59;899085;9
Naeleck;0:00:03;3118;1
Cher;0:00:39;39943;3
Julie Walters;0:00:00;0;1
Christine Baranski;0:00:02;2744;1
Pierce Brosnan;0:01:48;108458;5
Dominic Cooper;0:19:11;1151445;4
Cast of Mamma Mia! The Movie;0:00:01;1691;1
Benny Andersson;0:00:39;39800;1
La Oreja de Van Gogh;0:11:59;719556;3
Giuliano Cobuzzi;0:00:03;3411;1
Paskman;0:00:08;8152;1
Martinwhite;0:00:02;2196;1
David Novacek;0:00:01;1460;1
Gente De Zona;0:04:15;255942;3
JC Reyes;0:01:17;77278;3
Queveo;0:00:02;2736;1
Mario King;0:00:05;5419;1
Kurd Maverick;0:00:00;804;1
HUGEL;0:00:01;1170;1
Weezer;0:00:02;2569;1
Arctic Monkeys;0:01:28;88760;5
Twisted Sister;0:00:07;7344;1
Journey;0:00:02;2181;1
The Rolling Stones;0:00:02;2521;1
The Kooks;0:04:20;260152;3
Olympic Ayres;0:02:12;132331;2
Locnville;0:02:11;131318;2
Fred De Palma;0:00:07;7959;2
Fabbio;0:00:01;1189;1
Anonimo Gerald;0:00:00;998;1
Mozart La Para;0:01:51;111848;3
Don Patricio;1:10:39;4239210;31
sangiovanni;1:28:05;5285759;55
Saint Raymond;0:01:04;64321;3
Serko;0:00:02;2297;1
Aitana;4:54:05;17645218;171
Paula Koops;0:01:12;72636;3
Lérica;0:00:02;2790;2
DePol;0:00:02;2950;3
Álvaro De Luna;0:04:42;282901;24
Bebe DJ;0:00:04;4213;1
Enol;5:48:01;20881447;162
Camilo;0:04:09;249695;5
Young Miko;0:22:19;1339575;30
Love Yi;0:23:14;1394212;18
Jay More;0:04:19;259274;2
Iskender;0:04:49;289248;2
Triquell;0:03:04;184041;1
Alandes;0:02:35;155500;1
Kroi Saint;0:04:08;248222;2
Çantamarta;0:02:47;167449;1
COSMIC KID;0:02:36;156000;1
The Jacksons;0:03:02;182071;1
Reik;0:02:10;130965;1
SFDK;0:00:25;25243;1
Chanel;0:16:00;960134;13
The Tyets;0:03:46;226728;4
Mark Ambor;0:02:37;157851;1
Jotadejuerga;0:02:52;172204;1
Javiielo;0:02:10;130237;3
Sean Kingston;0:00:01;1672;1
Ellie Goulding;0:00:06;6718;1
Kaze;0:00:01;1215;1
Elle King;0:02:10;130790;1
Mariona Escoda;0:00:26;26759;1
Saint Motel;0:08:04;484860;5
The Mountains;0:05:55;355480;7
Deimi;1:14:37;4477002;47
Brray;0:00:17;17859;1
Papi Sousa;0:00:03;3615;1
Aya Nakamura;0:03:39;219014;7
Cruz Cafuné;0:08:23;503256;10
Madcon;0:03:34;214789;1
2+1 by Drafteados y Daimiel;0:37:49;2269557;1
Kim Loaiza;0:01:42;102382;4
Mac Miller;0:14:34;874885;8
Mabbi;0:00:08;8370;1
Ocer y Rade;0:06:55;415486;17
Mc Aleff;0:01:46;106307;4
DJ GUDOG;0:00:13;13412;2
DJ Guih Da ZO;0:00:02;2380;1
dj Douglas dedo Magico;0:01:08;68907;1
Grupo Frontera;1:03:45;3825204;44
Rayden;0:00:00;464;1
Gera MX;0:00:08;8153;1
Kygo;0:23:26;1406429;18
Randy;0:00:16;16070;1
N.O.R.E.;0:00:07;7212;1
Bb trickz;0:34:16;2056445;34
Orgullo Púrpura;0:50:06;3006444;2
Gym Class Heroes;0:03:54;234724;3
Ryan Mack;0:01:44;104547;2
Arden Jones;0:07:24;444798;5
Nicky Youre;0:07:40;460389;6
Carla Morrison;0:00:31;31699;3
Mesita;0:00:01;1265;1
LIT killah;6:45:30;24330431;82
Booba;0:00:14;14590;1
Bleed;0:00:04;4179;2
Ñejo & Dalmata;0:00:07;7876;1
Nicki Nicole;0:00:55;55516;4
llvna;0:05:48;348074;10
Maresme Boyz;0:00:03;3690;1
Massés;0:56:23;3383795;37
Jaybe Y B;0:29:15;1755460;17
størg;0:00:18;18132;1
Fofi;0:00:02;2882;1
Cosculluela;0:00:04;4081;2
MIKA;0:00:53;53932;1
Far East Movement;0:03:15;195960;1
Lady Gaga;0:06:33;393789;4
Don Lore V;0:00:01;1086;1
Loona;0:02:59;179960;1
All Time Low;0:00:05;5709;1
Lemaitre;0:12:14;734468;11
LeAnn Rimes;0:00:03;3017;1
Luke Combs;0:01:29;89464;1
ILOVEMAKONNEN;0:02:12;132217;2
Jerry Goldsmith;0:03:08;188528;3
Andrea Bocelli;0:38:24;2304708;20
NewJeans;0:13:19;799596;14
Howl;0:09:38;578198;9
Ram Di Dam;0:01:41;101471;4
Lalo Ebratt;0:00:00;547;1
Almighty;0:00:54;54519;1
Punto40;0:00:05;5295;1
Leiva;0:01:13;73962;3
Dani Martín;0:00:41;41854;1
Candela Gómez;0:00:05;5148;1
Harry James Jr.;0:12:55;775045;6
JP Saxe;0:00:02;2255;2
Medina Kid;0:00:04;4632;1
Naughty Boy;0:01:39;99420;1
FERNANDOCOSTA;0:02:57;177891;1
Junior H;0:00:00;0;1
YoSoyPlex;0:11:47;707351;6
Carlos Vives;0:00:10;10565;1
Mach & Daddy;0:00:08;8731;1
Los Delinquentes;0:00:03;3899;1
Aka Breez;0:00:09;9484;1
Idina Menzel;0:00:01;1515;1
Alesso;0:03:14;194613;1
AriBeatz;0:03:57;237858;7
Marc Anthony;0:02:17;137326;1
Sanjin & Youthman;0:04:03;243967;3
The Football Band;0:00:01;1187;1
Kevin Murphy;0:01:18;78885;1
ジェネラツィオーネ・アンニ '80;0:00:01;1688;1
Dei V;0:03:49;229339;2
Marwán;0:00:01;1199;1
Luis R Conriquez;0:00:01;1653;1
Ricchi E Poveri;0:17:43;1063670;8
DJ Redblack;0:01:18;78411;1
Leasis;0:00:47;47549;1
SICK LEGEND;0:01:03;63011;2
MARK EME;0:22:23;1343801;12
Gala;0:01:10;70077;1
Calin;0:00:04;4225;2
crypvolk;0:00:02;2190;1
Dj Luh Souza;0:00:00;664;1
All Tvvins;0:01:11;71226;3
CHVRCHES;0:02:13;133310;8
Illya Kuryaki & The Valderramas;0:02:39;159460;6
Alvaro Diaz;0:01:10;70282;1
Fuerza Regida;1:12:48;4368847;38
Chino Pacas;0:00:02;2394;1
Michelle Maciel;0:00:12;12004;1
Sen Senra;0:00:03;3175;1
DELLAFUENTE;0:00:09;9382;2
Tensnake;0:00:02;2879;1
Crystal Fighters;0:00:08;8947;3
The Avener;0:01:06;66715;3
Jóhann Jóhannsson;0:00:14;14252;2
Ross Lynch;0:00:13;13809;3
SLANDER;0:08:50;530913;3
Nico & Vinz;0:00:02;2541;1
Architecture In Helsinki;0:00:01;1878;1
Master Peace;0:07:03;423531;4
Dominic Fike;0:08:27;507762;5
Eslabon Armado;0:12:47;767216;12
Käärijä;0:00:11;11728;2
Loreen;0:00:03;3011;3
Tropkillaz;0:00:36;36479;2
Tommy Lefroy;0:00:05;5560;1
Arde Bogotá;0:42:02;2522141;17
Yarea;0:01:34;94283;1
R. City;0:00:01;1865;2
Amy Macdonald;0:05:36;336410;3
Gnarls Barkley;0:00:02;2045;1
Daniel Powter;0:00:00;0;1
Blackthoven;0:00:02;2410;1
Kiko Rivera;0:11:37;697405;16
Desobediència Cruyffista;0:00:49;49290;2
Sevilla FC FanChants;0:00:19;19255;1
Tehsinapsis;0:00:53;53774;4
LA YOUNG;0:00:01;1946;1
Florence + The Machine;0:00:34;34946;2
The Whitest Boy Alive;0:00:07;7273;1
The xx;0:00:02;2351;1
José González;0:01:17;77627;1
Mushkaa;0:48:19;2899620;25
The Enemy;0:06:24;384087;4
Los Unidades;0:00:10;10789;1
Conan Gray;0:00:06;6693;5
Speelburg;0:00:24;24440;1
Sky Rompiendo;1:38:46;5926745;47
DJ Saot ST;0:02:01;121947;2
Gocho;0:04:16;256544;2
Sleepy Hallow;0:02:36;156821;1
Karbeats;0:04:16;256768;1
D Brío;0:03:07;187637;1
Noreh;0:02:29;149777;1
Moneybagg Yo;0:02:22;142451;1
Hacha Dastral;0:04:07;247912;1
Veeze;0:00:22;22807;3
Wesley Joseph;0:02:24;144053;1
rusowsky;0:02:05;125557;1
piri;0:06:58;418194;2
MC Virgins;0:02:12;132790;1
Karetta el Gucci;0:00:22;22724;1
Mau y Ricky;0:00:17;17525;1
SEB;0:30:42;1842036;24
The Chevin;0:19:37;1177839;10
DJ Kicken;0:00:55;55376;2
The Red Hot Strikers;0:06:20;380888;3
Champions League Orchestra;0:14:22;862914;3
Taburete;0:00:14;14295;1
Ptazeta;0:03:09;189493;1
Dvicio;0:00:04;4627;1
Fresquito;0:02:22;142562;2
Dudi;0:00:29;29103;2
De La Ghetto;0:00:02;2328;2
Haze;0:06:54;414647;6
Mati Gómez;0:00:31;31772;1
Loyle Carner;0:03:26;206680;2
S1mba;0:02:46;166805;1
Still Woozy;0:11:59;719019;5
BabyJake;0:02:27;147893;1
Mako Road;0:03:03;183073;1
KAWALA;0:12:13;733351;5
ODIE;0:05:41;341008;3
Yxngxr1;0:06:04;364371;3
Hak Baker;0:03:27;207360;1
Sarcastic Sounds;0:01:26;86749;1
Playyard;0:01:45;105000;1
Jack Kays;0:01:41;101500;1
Daniyel;0:01:56;116981;1
Current Blue;0:02:00;120000;1
Beach Fossils;0:02:38;158474;1
Cab'Ral;0:02:04;124534;1
WizTheMc;0:01:48;108984;1
Bennett Coast;0:02:25;145081;1
Torpe;0:01:16;76153;1
Leslie Grace;0:03:27;207720;1
Lele Pons;0:02:14;134478;1
Kovic;0:00:09;9756;1
Soolking;0:00:05;5001;1
Timal;0:00:01;1884;1
Amenazzy;1:18:16;4696309;34
Iris;0:00:03;3409;1
Whigfield;0:00:01;1913;1
Anthony Godfather;0:00:01;1200;1
Noriel;0:02:29;149297;2
DJ Jazzy Jeff & The Fresh Prince;0:00:05;5750;2
Jess Glynne;0:00:05;5719;1
SX3;0:00:29;29013;1
Cecilio G.;0:00:01;1249;1
SWIT EME;0:00:00;0;1
Cardi B;0:00:02;2060;1
Reel 2 Real;0:00:52;52805;1
You're losing me - Taylor Swift ;0:08:48;528168;2
Juan Pablo Nguema;0:10:12;612999;4
Robledo;0:00:21;21716;2
KAMRAD;0:02:28;148116;1
Lana Del Rey;0:00:29;29224;4
Tate McRae;0:00:00;898;1
Cigarettes After Sex;0:00:05;5895;1
Vancouver Sleep Clinic;0:00:00;783;1
New West;0:00:00;838;1
ELIO;0:00:10;10286;1
Furia Guerrera;0:00:01;1582;1
Banda Sinfónica de Infantería;0:00:01;1932;1
blondie's vault;0:04:40;280764;1
Luca Testa;0:05:36;336662;6
Nicolas Julian;0:00:34;34995;1
DRILL GATES;0:01:05;65794;1
puremind;0:01:50;110119;1
David Kushner;0:00:23;23502;1
Joaquina;0:00:33;33505;1
PEDRO SAMPAIO;0:04:13;253317;3
Paramore;0:48:25;2905258;32
Mallrat;0:01:27;87795;3
Aleks Syntek;0:04:35;275373;1
Salvatore Masucci;0:04:15;255521;2
Christopher;0:04:32;272700;3
Gonzy;0:02:54;174176;2
FLETCHER;0:04:45;285737;2
Camila Cabello;0:00:01;1313;4
Knox;0:00:00;0;1
Jenna Raine;0:00:01;1525;2
Ashe;0:03:04;184197;11
Big Red Machine;0:12:20;740242;15
Zeph;0:00:01;1511;1
Xanemusic;0:03:05;185591;4
Busted;0:00:00;530;1
Kim Petras;0:00:18;18310;2
Jung Kook;0:00:14;14489;1
Ariana Grande;0:00:02;2620;1
Gatlin;0:01:00;60800;2
Piano Dreamers;0:00:03;3671;1
Music Factory;0:00:03;3171;1
slō;0:00:04;4077;1
DJ Davion;0:15:12;912652;9
The National;0:04:34;274465;3
Kenny Chesney;0:00:04;4164;1
HAIM;0:02:50;170158;2
Anthem Lights;0:05:48;348029;4
Lizzo;0:00:35;35910;2
Madison Beer;0:01:31;91591;5
taylorsevermwhore;1:36:06;5766177;37
you’re losing me taylor swift;0:50:21;3021203;11
MC Kaique da VP;0:00:06;6602;1
Julia Michaels;0:00:01;1437;1
Ruth B.;0:00:04;4080;2
iñigo quintero;0:06:08;368122;2
Aloe Blacc;0:04:15;255906;1
Novo Amor;0:00:19;19603;2
DJ Fb de Niteroi;0:02:11;131722;1
Hanson;0:01:55;115578;1
girl in red;0:03:17;197994;3
Gracie Abrams;0:00:04;4862;3
MUNA;0:00:34;34051;1
Selena Gomez & The Scene;0:00:02;2672;2
Selena Gomez;0:00:03;3611;2
Lowell;0:02:01;121215;1
Crims;1:43:36;6216815;2
Peaceful Noise;0:05:06;306531;3
Minnz Piano;0:47:14;2834932;10
Keyrenity;0:15:20;920591;4
Piano Tribute Players;0:16:38;998049;5
Huangenstein;0:04:01;241946;2
Troye Sivan;0:00:41;41027;4
5 Seconds of Summer;0:00:02;2399;2
Fools Garden;0:03:11;191026;1
Unreleased;0:06:20;380061;3
Epuk;0:00:50;50497;1
Sabrina Carpenter;0:00:01;1067;1
:);0:05:07;307327;1
Amarillo 09 ;0:29:28;1768465;2
Counting Crows;0:03:08;188893;1
Leon Leiden;0:00:12;12207;1
Mixeer;0:02:43;163383;1
BENNETT;0:02:58;178156;1
